y,ds
9,2021-5-5 0:49:00
12,2021-5-5 5:7:00
1,2021-5-5 1:38:00
1,2021-5-21 17:26:00
1,2021-5-5 0:31:00
3,2021-5-5 1:41:00
3,2021-5-4 21:11:00
1,2021-2-28 9:25:00
6,2021-5-16 21:52:00
11,2021-5-5 0:33:00
2,2021-5-1 18:14:00
7,2021-5-5 2:3:00
7,2021-5-4 18:6:00
2,2021-6-26 1:7:00
3,2021-5-5 4:28:00
2,2021-5-5 10:7:00
4,2021-5-4 8:39:00
13,2021-5-5 0:34:00
1,2021-2-28 6:36:00
1,2021-6-7 22:2:00
12,2021-4-29 14:1:00
13,2021-6-25 23:48:00
9,2021-5-22 11:43:00
3,2021-5-10 19:8:00
1,2021-3-1 1:51:00
1,2021-5-4 8:42:00
5,2021-5-4 18:39:00
5,2021-6-4 16:30:00
1,2021-5-5 1:26:00
4,2021-5-4 8:38:00
1,2021-5-21 8:45:00
1,2021-5-4 23:41:00
4,2021-3-3 19:21:00
2,2021-4-29 11:21:00
4,2021-3-2 1:22:00
2,2021-5-25 21:5:00
5,2021-5-5 9:57:00
12,2021-2-15 11:35:00
2,2021-4-29 14:0:00
1,2021-2-28 9:40:00
6,2021-4-22 3:37:00
2,2021-5-4 18:41:00
1,2021-6-21 17:51:00
4,2021-2-28 23:54:00
3,2021-5-6 16:36:00
2,2021-5-21 17:27:00
13,2021-2-15 11:16:00
3,2021-5-20 7:22:00
5,2021-4-5 12:34:00
5,2021-5-25 20:53:00
1,2021-2-28 9:37:00
2,2021-4-5 20:24:00
8,2021-3-1 1:53:00
1,2021-6-26 0:51:00
2,2021-3-11 4:11:00
1,2021-5-15 2:30:00
7,2021-2-28 23:9:00
1,2021-5-4 23:2:00
2,2021-5-21 19:43:00
5,2021-5-22 0:31:00
2,2021-6-26 1:9:00
6,2021-5-24 4:22:00
5,2021-5-6 2:3:00
7,2021-3-11 6:5:00
5,2021-4-29 14:12:00
1,2021-6-2 2:51:00
6,2021-5-25 20:48:00
2,2021-5-4 18:5:00
2,2021-3-1 19:30:00
2,2021-5-24 10:35:00
4,2021-2-28 9:29:00
3,2021-2-28 8:57:00
4,2021-4-12 19:19:00
4,2021-5-1 8:9:00
2,2021-6-26 1:6:00
14,2021-2-15 11:32:00
1,2021-5-5 9:37:00
5,2021-2-28 6:46:00
11,2021-5-21 15:59:00
15,2021-5-4 23:51:00
2,2021-5-7 7:47:00
17,2021-2-15 11:4:00
4,2021-5-5 2:0:00
11,2021-2-28 9:32:00
12,2021-2-28 8:59:00
1,2021-2-15 11:18:00
142,2021-2-22 8:20:00
8,2021-4-28 5:24:00
5,2021-4-28 6:18:00
7,2021-5-19 14:27:00
4,2021-6-2 2:45:00
4,2021-2-28 23:16:00
9,2021-4-28 6:17:00
2,2021-4-5 9:10:00
4,2021-5-4 9:3:00
6,2021-2-28 8:56:00
5,2021-6-4 16:28:00
145,2021-2-22 8:18:00
5,2021-5-21 10:29:00
8,2021-6-2 2:50:00
1,2021-5-4 23:35:00
5,2021-5-5 11:8:00
5,2021-5-5 6:49:00
1,2021-5-4 8:26:00
11,2021-2-28 21:3:00
2,2021-5-16 23:4:00
10,2021-4-28 5:23:00
2,2021-6-5 16:58:00
5,2021-5-5 9:41:00
4,2021-2-28 9:27:00
11,2021-5-21 10:28:00
1,2021-5-5 11:53:00
4,2021-5-6 5:29:00
1,2021-5-5 10:5:00
10,2021-5-5 1:9:00
4,2021-4-28 5:17:00
1,2021-5-21 15:53:00
2,2021-5-21 20:5:00
3,2021-5-5 6:39:00
2,2021-2-28 9:41:00
4,2021-5-5 0:54:00
6,2021-5-21 0:7:00
2,2021-4-29 10:50:00
1,2021-5-6 16:32:00
1,2021-5-5 1:11:00
2,2021-5-4 8:28:00
4,2021-5-10 19:9:00
6,2021-2-15 11:36:00
2,2021-5-5 14:34:00
2,2021-5-16 23:18:00
8,2021-5-4 22:42:00
1,2021-5-5 9:12:00
8,2021-5-5 15:43:00
9,2021-4-5 12:33:00
1,2021-5-5 4:44:00
1,2021-5-25 20:52:00
5,2021-2-15 11:5:00
3,2021-2-28 23:11:00
2,2021-5-25 21:4:00
10,2021-3-3 1:6:00
1,2021-6-7 21:29:00
10,2021-2-28 7:48:00
6,2021-5-5 0:52:00
16,2021-2-28 9:8:00
9,2021-5-24 4:21:00
4,2021-5-5 13:51:00
1,2021-2-28 6:37:00
9,2021-4-28 1:8:00
5,2021-5-23 3:38:00
10,2021-4-28 11:37:00
3,2021-5-5 3:26:00
4,2021-5-5 11:54:00
3,2021-5-7 7:53:00
5,2021-4-28 14:1:00
6,2021-5-4 23:54:00
8,2021-2-28 8:48:00
2,2021-5-21 9:16:00
3,2021-5-24 21:58:00
2,2021-5-4 23:22:00
2,2021-5-5 10:6:00
2,2021-5-22 4:21:00
10,2021-5-4 23:26:00
9,2021-2-28 9:31:00
10,2021-5-21 15:56:00
12,2021-5-5 3:17:00
6,2021-5-7 22:44:00
2,2021-5-21 6:16:00
5,2021-5-5 1:36:00
2,2021-5-6 4:4:00
2,2021-5-16 21:30:00
2,2021-5-21 8:30:00
2,2021-4-28 1:6:00
2,2021-5-21 19:58:00
5,2021-4-28 11:36:00
2,2021-5-5 7:3:00
3,2021-5-4 23:34:00
3,2021-5-4 22:40:00
10,2021-5-5 0:51:00
1,2021-2-28 9:42:00
1,2021-2-28 23:10:00
6,2021-5-4 8:35:00
12,2021-5-4 21:12:00
2,2021-3-1 0:15:00
5,2021-4-5 4:39:00
1,2021-5-24 17:55:00
8,2021-5-4 8:44:00
2,2021-5-19 13:35:00
11,2021-5-21 15:58:00
7,2021-5-5 8:44:00
3,2021-5-7 22:53:00
6,2021-5-22 0:30:00
2,2021-2-15 9:48:00
1,2021-2-28 23:24:00
1,2021-5-20 23:41:00
6,2021-5-5 9:39:00
2,2021-5-14 7:28:00
5,2021-5-9 3:35:00
3,2021-2-28 23:53:00
5,2021-2-28 8:14:00
2,2021-5-4 17:53:00
11,2021-5-22 7:36:00
5,2021-5-5 0:29:00
2,2021-5-20 6:37:00
1,2021-5-25 0:34:00
2,2021-5-25 21:6:00
1,2021-5-4 21:14:00
3,2021-6-25 23:47:00
9,2021-5-4 23:30:00
8,2021-2-28 9:7:00
10,2021-5-4 21:13:00
10,2021-5-5 1:35:00
5,2021-2-28 6:30:00
7,2021-5-5 4:27:00
16,2021-2-28 9:9:00
1,2021-5-5 14:6:00
5,2021-2-28 6:47:00
11,2021-5-4 17:59:00
4,2021-5-21 0:12:00
1,2021-6-7 22:3:00
1,2021-2-28 9:33:00
1,2021-5-16 22:28:00
2,2021-4-12 19:18:00
1,2021-5-5 3:28:00
7,2021-2-28 21:4:00
4,2021-2-28 8:55:00
4,2021-5-4 23:8:00
10,2021-5-21 15:54:00
10,2021-5-5 2:42:00
3,2021-4-28 6:19:00
3,2021-5-7 4:14:00
1,2021-5-25 22:23:00
4,2021-5-5 8:43:00
2,2021-2-15 10:51:00
3,2021-5-4 23:6:00
9,2021-5-7 7:35:00
1,2021-5-22 14:18:00
1,2021-2-15 11:0:00
3,2021-5-16 21:53:00
5,2021-3-1 0:52:00
3,2021-5-14 2:25:00
5,2021-3-1 19:21:00
5,2021-5-5 9:7:00
2,2021-5-25 21:13:00
10,2021-5-21 8:44:00
1,2021-4-29 11:3:00
12,2021-2-28 8:11:00
5,2021-5-6 7:52:00
1,2021-5-5 14:37:00
3,2021-5-5 1:27:00
2,2021-5-5 7:35:00
17,2021-5-4 23:50:00
4,2021-5-5 3:16:00
2,2021-5-5 3:37:00
3,2021-5-5 3:59:00
8,2021-2-28 21:2:00
7,2021-4-5 18:21:00
12,2021-6-7 21:27:00
12,2021-4-12 19:17:00
5,2021-5-4 8:41:00
5,2021-4-5 21:43:00
9,2021-5-5 3:11:00
8,2021-5-7 7:51:00
12,2021-5-5 3:12:00
10,2021-5-21 8:43:00
6,2021-5-5 3:10:00
2,2021-4-11 12:37:00
5,2021-5-4 8:50:00
1,2021-5-5 4:2:00
5,2021-5-21 21:47:00
6,2021-5-5 2:55:00
9,2021-2-28 6:58:00
1,2021-5-24 22:0:00
6,2021-5-19 15:32:00
5,2021-2-28 8:58:00
4,2021-5-7 7:34:00
6,2021-5-5 13:52:00
2,2021-5-21 19:45:00
1,2021-2-22 8:17:00
5,2021-3-2 1:20:00
5,2021-5-5 11:51:00
5,2021-3-1 1:48:00
4,2021-5-4 18:52:00
8,2021-5-24 5:26:00
1,2021-5-5 9:4:00
7,2021-2-28 9:21:00
1,2021-5-5 8:12:00
5,2021-5-4 8:37:00
7,2021-5-21 8:42:00
2,2021-5-24 21:56:00
4,2021-5-4 8:47:00
1,2021-5-6 22:30:00
4,2021-3-1 19:25:00
13,2021-2-15 11:29:00
10,2021-5-23 3:37:00
3,2021-5-4 8:49:00
2,2021-5-4 8:6:00
14,2021-2-28 9:12:00
1,2021-6-2 2:49:00
11,2021-3-12 2:0:00
13,2021-5-4 22:54:00
1,2021-5-5 3:23:00
1,2021-5-4 18:2:00
9,2021-5-5 1:10:00
2,2021-3-11 4:16:00
12,2021-5-21 0:42:00
1,2021-5-4 19:52:00
16,2021-2-28 9:6:00
3,2021-5-4 17:54:00
5,2021-5-5 15:44:00
1,2021-5-4 8:31:00
2,2021-5-26 9:38:00
15,2021-2-15 11:40:00
2,2021-5-4 8:27:00
1,2021-6-5 18:12:00
2,2021-2-15 10:48:00
9,2021-2-28 6:57:00
4,2021-5-4 22:55:00
12,2021-2-15 11:19:00
2,2021-5-5 0:32:00
16,2021-2-28 9:11:00
1,2021-5-21 8:29:00
4,2021-2-28 23:15:00
8,2021-2-28 9:5:00
1,2021-5-1 18:26:00
2,2021-5-16 21:44:00
7,2021-2-28 9:26:00
10,2021-5-4 23:31:00
1,2021-2-15 9:58:00
7,2021-5-23 3:35:00
1,2021-5-7 4:0:00
2,2021-5-19 19:30:00
3,2021-5-5 0:37:00
4,2021-5-20 1:29:00
6,2021-5-22 7:35:00
2,2021-5-6 6:44:00
9,2021-5-21 17:50:00
1,2021-5-5 0:5:00
9,2021-2-28 8:9:00
2,2021-5-21 21:46:00
4,2021-5-1 8:8:00
10,2021-5-5 8:42:00
4,2021-5-5 0:30:00
9,2021-5-4 23:29:00
5,2021-3-11 4:9:00
3,2021-5-5 11:55:00
1,2021-5-19 6:56:00
15,2021-5-5 1:40:00
1,2021-5-7 22:42:00
7,2021-5-5 11:0:00
4,2021-5-5 9:10:00
2,2021-5-5 3:22:00
1,2021-5-5 21:21:00
1,2021-5-5 3:44:00
6,2021-5-7 22:45:00
9,2021-4-5 18:20:00
9,2021-4-28 11:38:00
1,2021-5-4 18:4:00
3,2021-5-5 11:9:00
6,2021-5-19 9:19:00
7,2021-5-5 7:2:00
5,2021-4-5 20:25:00
1,2021-5-25 20:49:00
1,2021-5-16 21:51:00
2,2021-2-28 23:20:00
1,2021-5-5 0:16:00
1,2021-5-5 3:27:00
3,2021-5-4 9:7:00
7,2021-6-26 1:4:00
4,2021-5-5 6:50:00
3,2021-4-22 3:38:00
2,2021-5-7 7:36:00
10,2021-4-22 3:36:00
237,2021-2-22 8:19:00
5,2021-2-28 23:21:00
10,2021-5-5 11:50:00
6,2021-4-28 14:2:00
11,2021-2-15 11:2:00
4,2021-5-4 23:47:00
6,2021-5-6 18:28:00
4,2021-5-22 3:29:00
3,2021-5-16 21:55:00
2,2021-5-4 8:58:00
1,2021-5-4 9:2:00
5,2021-5-26 9:34:00
1,2021-2-15 10:50:00
11,2021-2-15 11:31:00
6,2021-5-6 18:25:00
1,2021-5-5 4:21:00
8,2021-2-28 23:17:00
6,2021-3-1 6:12:00
1,2021-5-17 21:17:00
6,2021-2-28 7:2:00
5,2021-3-1 2:0:00
4,2021-5-4 8:45:00
12,2021-4-12 19:16:00
12,2021-4-5 6:17:00
6,2021-5-5 11:49:00
3,2021-2-15 11:28:00
6,2021-3-12 1:59:00
2,2021-5-25 21:7:00
3,2021-5-4 9:6:00
5,2021-5-6 4:3:00
3,2021-2-28 8:45:00
11,2021-4-28 11:34:00
3,2021-5-20 15:52:00
3,2021-5-24 10:32:00
3,2021-5-5 1:52:00
1,2021-6-4 16:31:00
8,2021-5-25 20:55:00
10,2021-4-5 6:18:00
1,2021-2-28 22:52:00
4,2021-3-11 4:29:00
12,2021-5-2 9:16:00
1,2021-5-20 6:58:00
9,2021-5-4 22:41:00
1,2021-4-28 1:5:00
2,2021-5-16 21:49:00
3,2021-5-5 2:46:00
6,2021-2-28 8:15:00
1,2021-5-5 0:42:00
8,2021-5-21 19:56:00
5,2021-5-4 23:24:00
1,2021-5-16 23:16:00
1,2021-5-5 10:57:00
3,2021-2-28 23:18:00
5,2021-5-5 9:6:00
1,2021-5-9 11:19:00
3,2021-5-22 4:19:00
3,2021-2-28 9:22:00
2,2021-5-24 22:2:00
2,2021-3-11 4:10:00
4,2021-5-2 9:36:00
6,2021-5-24 5:27:00
1,2021-2-28 6:39:00
5,2021-5-4 9:0:00
5,2021-5-21 19:57:00
6,2021-2-28 8:49:00
2,2021-5-14 7:25:00
4,2021-5-4 8:48:00
14,2021-5-4 23:53:00
5,2021-5-4 23:48:00
5,2021-5-5 16:7:00
7,2021-5-6 4:2:00
6,2021-5-21 17:48:00
1,2021-5-4 23:36:00
15,2021-5-21 15:57:00
2,2021-4-5 4:40:00
2,2021-3-11 4:12:00
7,2021-2-15 11:24:00
1,2021-5-6 8:48:00
3,2021-6-2 2:43:00
2,2021-5-4 20:19:00
1,2021-2-15 9:47:00
1,2021-5-4 23:37:00
8,2021-5-5 1:39:00
5,2021-5-19 14:29:00
1,2021-4-29 11:25:00
5,2021-3-1 1:55:00
2,2021-5-4 23:9:00
2,2021-5-5 19:21:00
1,2021-5-5 15:2:00
5,2021-5-5 1:29:00
3,2021-5-4 8:59:00
9,2021-5-22 7:37:00
6,2021-5-7 22:52:00
1,2021-5-14 17:2:00
2,2021-5-4 8:40:00
2,2021-5-4 19:3:00
3,2021-5-19 15:14:00
1,2021-5-5 1:34:00
3,2021-5-4 22:53:00
16,2021-2-15 11:34:00
1,2021-5-5 1:30:00
2,2021-5-5 7:1:00
3,2021-2-22 8:30:00
5,2021-4-28 7:10:00
2,2021-4-12 18:11:00
2,2021-5-21 6:51:00
1,2021-5-5 2:39:00
1,2021-3-3 1:7:00
3,2021-5-16 22:3:00
10,2021-5-6 18:24:00
7,2021-5-5 5:6:00
2,2021-6-7 21:26:00
9,2021-5-24 5:25:00
1,2021-5-5 12:2:00
1,2021-5-5 6:31:00
1,2021-5-5 19:22:00
4,2021-6-4 16:29:00
1,2021-5-4 8:29:00
2,2021-5-20 15:54:00
2,2021-5-20 5:28:00
4,2021-5-7 22:39:00
2,2021-5-5 6:56:00
1,2021-5-4 8:51:00
12,2021-2-28 8:10:00
5,2021-5-1 18:13:00
6,2021-5-4 9:8:00
5,2021-2-28 7:45:00
1,2021-5-4 8:36:00
2,2021-5-21 10:27:00
2,2021-5-4 23:5:00
11,2021-5-4 18:7:00
2,2021-5-7 22:41:00
1,2021-3-11 4:30:00
3,2021-4-22 3:35:00
14,2021-5-4 23:52:00
3,2021-3-1 19:19:00
6,2021-5-4 18:0:00
5,2021-5-21 22:6:00
3,2021-4-29 10:48:00
2,2021-5-4 8:33:00
5,2021-5-21 0:44:00
26,2021-5-21 15:55:00
1,2021-5-25 5:35:00
7,2021-5-1 18:27:00
2,2021-5-16 23:51:00
2,2021-5-2 9:37:00
8,2021-5-20 5:27:00
8,2021-4-5 9:9:00
3,2021-5-4 19:23:00
14,2021-5-7 7:52:00
1,2021-2-28 8:39:00
5,2021-5-7 3:59:00
1,2021-2-28 7:1:00
2,2021-5-4 8:25:00
8,2021-5-5 0:48:00
8,2021-5-5 2:54:00
8,2021-5-24 10:33:00
3,2021-5-20 5:56:00
4,2021-5-5 9:38:00
1,2021-5-4 8:23:00
4,2021-5-21 0:39:00
3,2021-3-1 6:13:00
17,2021-2-22 8:22:00
2,2021-5-6 8:20:00
6,2021-6-26 1:5:00
2,2021-5-25 20:51:00
5,2021-3-1 0:51:00
3,2021-5-22 14:17:00
2,2021-4-29 10:54:00
9,2021-5-1 8:7:00
2,2021-6-26 1:3:00
8,2021-5-21 0:6:00
9,2021-5-7 11:30:00
3,2021-5-17 2:4:00
3,2021-5-4 23:45:00
1,2021-5-2 9:18:00
1,2021-6-25 22:6:00
2,2021-6-22 7:51:00
173,2021-2-22 8:21:00
3,2021-3-3 1:5:00
5,2021-5-6 18:29:00
1,2021-5-5 12:13:00
1,2021-2-28 6:45:00
13,2021-2-15 11:20:00
5,2021-3-1 19:17:00
3,2021-5-21 15:52:00
5,2021-2-28 10:31:00
6,2021-5-7 22:48:00
4,2021-5-4 19:22:00
1,2021-5-5 9:58:00
1,2021-5-2 9:34:00
3,2021-5-4 8:30:00
2,2021-6-22 7:1:00
9,2021-2-28 23:23:00
3,2021-5-5 3:56:00
1,2021-2-28 7:46:00
1,2021-5-5 16:18:00
11,2021-5-7 11:29:00
2,2021-6-2 0:19:00
5,2021-5-5 4:26:00
2,2021-5-4 18:16:00
5,2021-3-1 18:37:00
9,2021-5-19 15:31:00
8,2021-4-28 5:22:00
3,2021-5-4 23:10:00
11,2021-2-28 9:28:00
1,2021-6-25 23:49:00
16,2021-2-15 11:1:00
2,2021-5-4 8:24:00
6,2021-4-29 14:2:00
2,2021-5-4 8:43:00
1,2021-5-7 22:51:00
9,2021-2-28 8:46:00
4,2021-3-3 19:19:00
1,2021-5-23 17:54:00
3,2021-5-23 3:34:00
1,2021-5-5 11:1:00
1,2021-5-25 21:19:00
2,2021-5-24 21:55:00
6,2021-5-5 9:9:00
3,2021-5-21 17:28:00
1,2021-4-5 4:38:00
1,2021-5-5 12:14:00
6,2021-2-28 23:29:00
5,2021-3-11 4:14:00
5,2021-5-26 9:35:00
2,2021-5-6 8:47:00
5,2021-5-5 1:33:00
3,2021-5-5 9:40:00
6,2021-4-28 6:20:00
3,2021-5-22 11:42:00
1,2021-6-26 1:12:00
9,2021-4-5 21:44:00
5,2021-5-16 22:0:00
4,2021-5-22 4:20:00
1,2021-5-4 23:49:00
4,2021-5-16 22:4:00
15,2021-2-15 11:3:00
5,2021-5-4 23:23:00
3,2021-3-4 9:6:00
3,2021-6-26 0:50:00
2,2021-5-4 8:34:00
3,2021-2-28 9:13:00
4,2021-3-1 19:24:00
6,2021-5-20 1:28:00
4,2021-5-1 18:12:00
2,2021-5-4 8:57:00
1,2021-5-17 11:49:00
3,2021-5-5 2:53:00
6,2021-5-5 11:52:00
4,2021-4-5 6:19:00
4,2021-4-29 11:13:00
5,2021-5-4 19:5:00
2,2021-5-23 19:56:00
5,2021-5-5 4:22:00
3,2021-5-5 1:8:00
4,2021-5-21 0:24:00
2,2021-5-4 8:2:00
6,2021-6-2 2:44:00
5,2021-5-14 7:26:00
1,2021-5-5 3:14:00
2,2021-5-5 9:42:00
4,2021-4-22 3:34:00
14,2021-2-28 9:10:00
2,2021-5-5 3:21:00
3,2021-2-15 11:25:00
1,2021-6-5 16:59:00
2,2021-3-1 1:3:00
3,2021-2-15 11:30:00
2,2021-5-5 0:36:00
9,2021-4-29 14:13:00
2,2021-5-21 18:17:00
2,2021-5-4 23:46:00
3,2021-3-1 1:10:00
2,2021-5-4 9:1:00
1,2021-5-5 11:47:00
1,2021-5-5 4:5:00
5,2021-3-1 1:21:00
6,2021-5-7 11:28:00
3,2021-2-28 8:13:00
2,2021-5-22 4:22:00
4,2021-5-4 18:40:00
13,2021-5-21 0:43:00
1,2021-4-28 1:7:00
1,2021-5-5 16:9:00
11,2021-5-21 17:49:00
6,2021-5-4 23:42:00
3,2021-5-21 19:42:00
1,2021-5-4 23:43:00
1,2021-5-16 22:5:00
3,2021-5-21 22:7:00
3,2021-5-5 9:56:00
1,2021-5-4 8:53:00
7,2021-5-5 0:39:00
5,2021-5-19 14:28:00
1,2021-5-10 7:31:00
8,2021-5-6 16:33:00
4,2021-6-5 18:13:00
13,2021-2-15 11:41:00
1,2021-5-10 20:26:00
6,2021-5-2 9:17:00
3,2021-5-21 16:13:00
1,2021-6-5 17:31:00
1,2021-4-28 7:11:00
1,2021-3-3 19:22:00
8,2021-2-28 8:47:00
7,2021-2-28 8:12:00
4,2021-2-28 23:22:00
6,2021-5-6 5:28:00
4,2021-5-5 2:41:00
9,2021-5-4 23:33:00
2,2021-5-4 8:1:00
1,2021-5-5 9:34:00
1,2021-2-28 6:41:00
6,2021-3-2 1:19:00
1,2021-5-4 18:43:00
2,2021-3-1 1:12:00
12,2021-5-4 18:42:00
1,2021-5-5 7:6:00
9,2021-2-28 6:56:00
16,2021-2-15 11:33:00
3,2021-5-24 10:31:00
2,2021-5-5 0:2:00
3,2021-5-5 9:5:00
11,2021-6-7 21:28:00
3,2021-4-29 11:28:00
1,2021-2-28 7:0:00
1,2021-5-5 3:34:00
6,2021-5-21 19:44:00
8,2021-3-12 2:1:00
4,2021-2-28 7:47:00
12,2021-3-2 1:21:00
3,2021-3-3 19:20:00
4,2021-5-6 7:51:00
2,2021-6-25 23:46:00
1,2021-5-5 3:9:00
7,2021-5-4 23:25:00
3,2021-3-11 4:8:00
5,2021-5-5 2:43:00
2,2021-4-29 10:49:00
8,2021-5-6 16:34:00
2,2021-5-4 23:44:00
2,2021-3-1 19:26:00
4,2021-2-28 8:25:00
7,2021-4-28 11:33:00
1,2021-5-21 0:10:00
2,2021-5-5 7:5:00
5,2021-5-5 0:1:00
13,2021-5-4 23:7:00
3,2021-5-6 6:41:00
3,2021-5-19 14:2:00
1,2021-5-19 7:29:00
3,2021-4-29 11:12:00
3,2021-5-7 22:43:00
4,2021-5-4 23:27:00
4,2021-4-5 20:30:00
2,2021-5-7 7:44:00
3,2021-5-25 20:54:00
2,2021-4-28 11:39:00
1,2021-5-20 8:56:00
11,2021-5-19 15:33:00
12,2021-5-20 15:53:00
3,2021-5-5 0:50:00
10,2021-5-5 16:8:00
4,2021-5-4 9:5:00
6,2021-5-5 7:4:00
3,2021-6-2 0:21:00
7,2021-3-1 1:52:00
14,2021-5-4 18:3:00
1,2021-2-28 6:51:00
8,2021-4-28 11:35:00
2,2021-5-6 22:1:00
2,2021-5-5 9:11:00
1,2021-4-5 18:22:00
3,2021-5-25 0:35:00
3,2021-3-1 19:12:00
7,2021-5-20 13:33:00
3,2021-5-24 5:24:00
3,2021-5-5 10:59:00
7,2021-4-5 21:45:00
3,2021-4-28 5:16:00
4,2021-5-5 17:46:00
4,2021-5-5 0:35:00
