Date,Views
2019-05-03,5
2019-05-04,21
2019-05-05,10
2019-05-06,5
2019-05-07,2
2019-05-08,2
2019-05-09,3
2019-05-10,14
2019-05-11,3
2019-05-12,6
2019-05-13,5
2019-05-14,4
2019-05-15,17
2019-05-16,5
2019-05-17,2
2019-05-18,10
2019-05-19,29
2019-05-20,6
2019-05-21,12
2019-05-22,5
2019-05-23,16
2019-05-24,21
2019-05-25,12
2019-05-26,25
2019-05-27,6
2019-05-28,4
2019-05-29,6
2019-05-30,7
2019-05-31,15
2019-06-01,17
2019-06-02,24
2019-06-03,17
2019-06-04,22
2019-06-05,23
2019-06-06,25
2019-06-07,21
2019-06-08,15
2019-06-09,9
2019-06-10,17
2019-06-11,20
2019-06-12,36
2019-06-13,29
2019-06-14,38
2019-06-15,19
2019-06-16,13
2019-06-17,23
2019-06-18,34
2019-06-19,31
2019-06-20,79
2019-06-21,170
2019-06-22,14
2019-06-23,35
2019-06-24,1
2019-06-25,7
2019-06-26,3
2019-06-27,5
2019-06-28,9
2019-06-29,2
2019-06-30,4
2019-07-01,4
2019-07-02,48
2019-07-03,36
2019-07-04,31
2019-07-05,54
2019-07-06,46
2019-07-07,62
2019-07-08,56
2019-07-09,44
2019-07-10,21
2019-07-11,20
2019-07-12,44
2019-07-13,64
2019-07-14,46
2019-07-15,41
2019-07-16,60
2019-07-17,32
2019-07-18,50
2019-07-19,47
2019-07-20,56
2019-07-21,61
2019-07-22,81
2019-07-23,133
2019-07-24,112
2019-07-25,200
2019-07-26,133
2019-07-27,41
2019-07-28,47
2019-07-29,119
2019-07-30,42
2019-07-31,25
2019-08-01,59
2019-08-02,38
2019-08-03,60
2019-08-04,24
2019-08-05,30
2019-08-06,28
2019-08-07,41
2019-08-08,44
2019-08-09,78
2019-08-10,95
2019-08-11,29
2019-08-12,18
2019-08-13,38
2019-08-14,47
2019-08-15,55
2019-08-16,66
2019-08-17,36
2019-08-18,45
2019-08-19,24
2019-08-20,37
2019-08-21,53
2019-08-22,36
2019-08-23,57
2019-08-24,58
2019-08-25,63
2019-08-26,15
2019-08-27,41
2019-08-28,45
2019-08-29,49
2019-08-30,62
2019-08-31,113
2019-09-01,179
2019-09-02,165
2019-09-03,128
2019-09-04,168
2019-09-05,92
2019-09-06,84
2019-09-07,101
2019-09-08,110
2019-09-09,138
2019-09-10,70
2019-09-11,110
2019-09-12,34
2019-09-13,41
2019-09-14,38
2019-09-15,88
2019-09-16,68
2019-09-17,70
2019-09-18,71
2019-09-19,32
2019-09-20,36
2019-09-21,54
2019-09-22,54
2019-09-23,47
2019-09-24,51
2019-09-25,75
2019-09-26,41
2019-09-27,27
2019-09-28,31
2019-09-29,40
2019-09-30,184
2019-10-01,125
2019-10-02,115
2019-10-03,179
2019-10-04,134
2019-10-05,165
2019-10-06,61
2019-10-07,107
2019-10-08,111
2019-10-09,132
2019-10-10,141
2019-10-11,121
2019-10-12,171
2019-10-13,110
2019-10-14,92
2019-10-15,177
2019-10-16,137
2019-10-17,531
2019-10-18,131
2019-10-19,130
2019-10-20,114
2019-10-21,78
2019-10-22,126
2019-10-23,159
2019-10-24,189
2019-10-25,133
2019-10-26,154
2019-10-27,96
2019-10-28,71
2019-10-29,137
2019-10-30,125
2019-10-31,75
2019-11-01,69
2019-11-02,109
2019-11-03,107
2019-11-04,103
2019-11-05,161
2019-11-06,121
2019-11-07,81
2019-11-08,51
2019-11-09,138
2019-11-10,166
2019-11-11,118
2019-11-12,114
2019-11-13,156
2019-11-14,124
2019-11-15,108
2019-11-16,93
2019-11-17,132
2019-11-18,130
2019-11-19,129
2019-11-20,143
2019-11-21,101
2019-11-22,67
2019-11-23,104
2019-11-24,129
2019-11-25,195
2019-11-26,213
2019-11-27,198
2019-11-28,6
2019-11-29,107
2019-11-30,72
2019-12-01,55
2019-12-02,82
2019-12-03,71
2019-12-04,59
2019-12-05,85
2019-12-06,103
2019-12-07,92
2019-12-08,121
2019-12-09,98
2019-12-10,142
2019-12-11,96
2019-12-12,114
2019-12-13,156
2019-12-14,131
2019-12-15,130
2019-12-16,197
2019-12-17,108
2019-12-18,71
2019-12-19,98
2019-12-20,121
2019-12-21,142
2019-12-22,139
2019-12-23,130
2019-12-24,63
2019-12-25,54
2019-12-26,80
2019-12-27,105
2019-12-28,163
2019-12-29,8
2019-12-30,96
2019-12-31,121
2020-01-01,152
2020-01-02,114
2020-01-03,133
2020-01-04,142
2020-01-05,106
2020-01-06,77
2020-01-07,116
2020-01-08,170
2020-01-09,206
2020-01-10,138
2020-01-11,176
2020-01-12,103
2020-01-13,55
2020-01-14,132
2020-01-15,151
2020-01-16,108
2020-01-17,176
2020-01-18,112
2020-01-19,70
2020-01-20,65
2020-01-21,112
2020-01-22,149
2020-01-23,141
2020-01-24,139
2020-01-25,128
2020-01-26,56
2020-01-27,62
2020-01-28,121
2020-01-29,1
2020-01-30,73
2020-01-31,119
2020-02-01,68
2020-02-02,135
2020-02-03,167
2020-02-04,192
2020-02-05,218
2020-02-06,173
2020-02-07,221
2020-02-08,78
2020-02-09,149
2020-02-10,180
2020-02-11,261
2020-02-12,223
2020-02-13,197
2020-02-14,133
2020-02-15,85
2020-02-16,162
2020-02-17,198
2020-02-18,219
2020-02-19,262
2020-02-20,316
2020-02-21,145
2020-02-22,143
2020-02-23,216
2020-02-24,244
2020-02-25,270
2020-02-26,266
2020-02-27,202
2020-02-28,98
2020-02-29,5
2020-03-01,141
2020-03-02,140
2020-03-03,165
2020-03-04,175
2020-03-05,107
2020-03-06,88
2020-03-07,129
2020-03-08,167
2020-03-09,167
2020-03-10,136
2020-03-11,210
2020-03-12,105
2020-03-13,86
2020-03-14,89
2020-03-15,157
2020-03-16,131
2020-03-17,155
2020-03-18,146
2020-03-19,120
2020-03-20,91
2020-03-21,139
2020-03-22,203
2020-03-23,213
2020-03-24,184
2020-03-25,148
2020-03-26,114
2020-03-27,124
2020-03-28,182
2020-03-29,202
2020-03-30,185
2020-03-31,188
2020-04-01,3
2020-04-02,166
2020-04-03,182
2020-04-04,216
2020-04-05,240
2020-04-06,208
2020-04-07,212
2020-04-08,184
2020-04-09,226
2020-04-10,285
2020-04-11,192
2020-04-12,202
2020-04-13,204
2020-04-14,192
2020-04-15,166
2020-04-16,186
2020-04-17,217
2020-04-18,299
2020-04-19,237
2020-04-20,263
2020-04-21,150
2020-04-22,127
2020-04-23,205
2020-04-24,182
2020-04-25,192
2020-04-26,157
2020-04-27,184
2020-04-28,137
2020-04-29,106
2020-04-30,123
2020-05-01,149
2020-05-02,155
2020-05-03,169
2020-05-04,183
2020-05-05,217
2020-05-06,172
2020-05-07,227
2020-05-08,180
2020-05-09,149
2020-05-10,143
2020-05-11,186
2020-05-12,185
2020-05-13,189
2020-05-14,249
2020-05-15,297
2020-05-16,199
2020-05-17,200
2020-05-18,188
2020-05-19,192
2020-05-20,231
2020-05-21,248
2020-05-22,233
2020-05-23,204
2020-05-24,179
2020-05-25,161
2020-05-26,213
2020-05-27,238
2020-05-28,224
2020-05-29,226
2020-05-30,160
2020-05-31,174
2020-06-01,211
2020-06-02,149
2020-06-03,132
2020-06-04,82
2020-06-05,167
2020-06-06,181
2020-06-07,183
2020-06-08,208
2020-06-09,153
2020-06-10,93
2020-06-11,129
2020-06-12,148
2020-06-13,186
2020-06-14,151
2020-06-15,144
2020-06-16,156
2020-06-17,110
2020-06-18,98
2020-06-19,115
2020-06-20,151
2020-06-21,101
2020-06-22,178
2020-06-23,176
2020-06-24,193
2020-06-25,152
2020-06-26,224
2020-06-27,222
2020-06-28,234
2020-06-29,214
2020-06-30,297
2020-07-01,200
2020-07-02,175
2020-07-03,235
2020-07-04,222
2020-07-05,152
2020-07-06,127
2020-07-07,173
2020-07-08,180
2020-07-09,157
2020-07-10,197
2020-07-11,203
2020-07-12,116
2020-07-13,93
2020-07-14,122
2020-07-15,168
2020-07-16,145
2020-07-17,160
2020-07-18,145
2020-07-19,132
2020-07-20,98
2020-07-21,141
2020-07-22,136
2020-07-23,181
2020-07-24,133
2020-07-25,158
2020-07-26,125
2020-07-27,59
2020-07-28,122
2020-07-29,125
2020-07-30,142
2020-07-31,108
2020-08-01,200
2020-08-02,226
2020-08-03,165
2020-08-04,170
2020-08-05,160
2020-08-06,124
2020-08-07,144
2020-08-08,187
2020-08-09,225
2020-08-10,218
2020-08-11,303
2020-08-12,317
2020-08-13,175
2020-08-14,121
2020-08-15,271
2020-08-16,235
2020-08-17,192
2020-08-18,206
2020-08-19,211
2020-08-20,151
2020-08-21,131
2020-08-22,143
2020-08-23,168
2020-08-24,165
2020-08-25,178
2020-08-26,184
2020-08-27,106
2020-08-28,82
2020-08-29,151
2020-08-30,211
2020-08-31,133
2020-09-01,96
2020-09-02,163
2020-09-03,154
2020-09-04,207
2020-09-05,188
2020-09-06,221
2020-09-07,124
2020-09-08,162
2020-09-09,188
2020-09-10,218
2020-09-11,222
2020-09-12,243
2020-09-13,216
2020-09-14,132
2020-09-15,134
2020-09-16,160
2020-09-17,169
2020-09-18,252
2020-09-19,216
2020-09-20,197
2020-09-21,119
2020-09-22,110
2020-09-23,160
2020-09-24,190
2020-09-25,220
2020-09-26,201
2020-09-27,211
2020-09-28,142
2020-09-29,237
2020-09-30,348
2020-10-01,256
2020-10-02,177
2020-10-03,140
2020-10-04,188
2020-10-05,254
2020-10-06,280
2020-10-07,236
2020-10-08,239
2020-10-09,165
2020-10-10,169
2020-10-11,203
2020-10-12,201
2020-10-13,199
2020-10-14,227
2020-10-15,195
2020-10-16,136
2020-10-17,124
2020-10-18,170
2020-10-19,267
2020-10-20,233
2020-10-21,243
2020-10-22,185
2020-10-23,116
2020-10-24,139
2020-10-25,168
